{"stats":{"minecraft:custom":{"minecraft:jump":53,"minecraft:time_since_rest":9653,"minecraft:leave_game":1,"minecraft:sprint_one_cm":7546,"minecraft:play_time":9653,"minecraft:damage_taken":115,"minecraft:time_since_death":9653,"minecraft:walk_one_cm":7531,"minecraft:sneak_time":37,"minecraft:total_world_time":9653,"minecraft:fall_one_cm":2519,"minecraft:fly_one_cm":17706,"minecraft:open_chest":3},"minecraft:mined":{"minecraft:birch_log":1,"regions_unexplored:blackwood_leaves":2},"minecraft:used":{"minecraft:iron_helmet":1,"minecraft:iron_boots":1,"minecraft:bread":3}},"DataVersion":3465}